-- ============================================================
-- 아름드리꿈터 개인예산 관리 앱 - 테스트 데이터 시드
-- ⚠️ 주의: SQL Editor 에서 전체 복사 후 실행 (Run) 하세요.
-- 이미 기존 데이터가 있다면 TRUNCATE 또는 앱 초기화 후 실행을 권장합니다.
-- ============================================================

CREATE EXTENSION IF NOT EXISTS pgcrypto;

-- 1. 기존 테스트 데이터 초기화 (주의: 상용 DB에서는 절대 사용 금지)
-- 연결된 제약조건(Cascade)으로 인해 관련 테이블 데이터도 모두 지워집니다.
DELETE FROM auth.users 
WHERE email = 'cheese0318@nowondaycare.org' 
   OR email = 'supporter1@nowondaycare.org'
   OR email LIKE 'participant%@nowondaycare.org';

-- ============================================================
-- 2. Auth Users (로그인 계정) 대량 생성
-- ============================================================
-- 실행 시 handle_new_user 트리거가 작동하여 public.profiles에 자동 등록됩니다.

INSERT INTO auth.users (
  instance_id, id, aud, role, email, encrypted_password, email_confirmed_at, 
  raw_app_meta_data, raw_user_meta_data, created_at, updated_at
) VALUES 
-- [관리자]
('00000000-0000-0000-0000-000000000000', '11111111-1111-1111-1111-111111111111', 'authenticated', 'authenticated', 'cheese0318@nowondaycare.org', crypt('password123', gen_salt('bf')), NOW(), '{"provider":"email","providers":["email"]}', '{"full_name":"최고관리자"}', NOW(), NOW()),

-- [지원자 (테스트용 1명)]
('00000000-0000-0000-0000-000000000000', '22222222-2222-2222-2222-222222222222', 'authenticated', 'authenticated', 'supporter1@nowondaycare.org', crypt('password123', gen_salt('bf')), NOW(), '{"provider":"email","providers":["email"]}', '{"full_name":"김지원(실무자)"}', NOW(), NOW()),

-- [당사자 10명] (개인정보 보호를 위해 A~J 익명 처리)
('00000000-0000-0000-0000-000000000000', '33333333-3333-3333-3333-333333333301', 'authenticated', 'authenticated', 'participant01@nowondaycare.org', crypt('password123', gen_salt('bf')), NOW(), '{"provider":"email","providers":["email"]}', '{"full_name":"당사자A"}', NOW(), NOW()),
('00000000-0000-0000-0000-000000000000', '33333333-3333-3333-3333-333333333302', 'authenticated', 'authenticated', 'participant02@nowondaycare.org', crypt('password123', gen_salt('bf')), NOW(), '{"provider":"email","providers":["email"]}', '{"full_name":"당사자B"}', NOW(), NOW()),
('00000000-0000-0000-0000-000000000000', '33333333-3333-3333-3333-333333333303', 'authenticated', 'authenticated', 'participant03@nowondaycare.org', crypt('password123', gen_salt('bf')), NOW(), '{"provider":"email","providers":["email"]}', '{"full_name":"당사자C"}', NOW(), NOW()),
('00000000-0000-0000-0000-000000000000', '33333333-3333-3333-3333-333333333304', 'authenticated', 'authenticated', 'participant04@nowondaycare.org', crypt('password123', gen_salt('bf')), NOW(), '{"provider":"email","providers":["email"]}', '{"full_name":"당사자D"}', NOW(), NOW()),
('00000000-0000-0000-0000-000000000000', '33333333-3333-3333-3333-333333333305', 'authenticated', 'authenticated', 'participant05@nowondaycare.org', crypt('password123', gen_salt('bf')), NOW(), '{"provider":"email","providers":["email"]}', '{"full_name":"당사자E"}', NOW(), NOW()),
('00000000-0000-0000-0000-000000000000', '33333333-3333-3333-3333-333333333306', 'authenticated', 'authenticated', 'participant06@nowondaycare.org', crypt('password123', gen_salt('bf')), NOW(), '{"provider":"email","providers":["email"]}', '{"full_name":"당사자F"}', NOW(), NOW()),
('00000000-0000-0000-0000-000000000000', '33333333-3333-3333-3333-333333333307', 'authenticated', 'authenticated', 'participant07@nowondaycare.org', crypt('password123', gen_salt('bf')), NOW(), '{"provider":"email","providers":["email"]}', '{"full_name":"당사자G"}', NOW(), NOW()),
('00000000-0000-0000-0000-000000000000', '33333333-3333-3333-3333-333333333308', 'authenticated', 'authenticated', 'participant08@nowondaycare.org', crypt('password123', gen_salt('bf')), NOW(), '{"provider":"email","providers":["email"]}', '{"full_name":"당사자H"}', NOW(), NOW()),
('00000000-0000-0000-0000-000000000000', '33333333-3333-3333-3333-333333333309', 'authenticated', 'authenticated', 'participant09@nowondaycare.org', crypt('password123', gen_salt('bf')), NOW(), '{"provider":"email","providers":["email"]}', '{"full_name":"당사자I"}', NOW(), NOW()),
('00000000-0000-0000-0000-000000000000', '33333333-3333-3333-3333-333333333310', 'authenticated', 'authenticated', 'participant10@nowondaycare.org', crypt('password123', gen_salt('bf')), NOW(), '{"provider":"email","providers":["email"]}', '{"full_name":"당사자J"}', NOW(), NOW());

-- ============================================================
-- 3. 프로필 역할(Role) 올바르게 승격 (Numeric: 0=admin, 1=supporter, 2=participant)
-- ============================================================
UPDATE public.profiles SET role = 0 WHERE id = '11111111-1111-1111-1111-111111111111';
UPDATE public.profiles SET role = 1 WHERE id = '22222222-2222-2222-2222-222222222222';

-- ============================================================
-- 4. 당사자 설정 (Participants)
-- ============================================================
INSERT INTO public.participants (
  id, monthly_budget_default, yearly_budget_default, budget_start_date, budget_end_date, assigned_supporter_id
) VALUES 
('33333333-3333-3333-3333-333333333301', 150000, 1500000, '2026-03-01', '2026-12-31', '22222222-2222-2222-2222-222222222222'),
('33333333-3333-3333-3333-333333333302', 120000, 1200000, '2026-03-01', '2026-12-31', '22222222-2222-2222-2222-222222222222'),
('33333333-3333-3333-3333-333333333303', 200000, 2000000, '2026-03-01', '2026-12-31', '22222222-2222-2222-2222-222222222222'),
('33333333-3333-3333-3333-333333333304', 100000, 1000000, '2026-03-01', '2026-12-31', '22222222-2222-2222-2222-222222222222'),
('33333333-3333-3333-3333-333333333305', 150000, 1500000, '2026-03-01', '2026-12-31', '22222222-2222-2222-2222-222222222222'),
('33333333-3333-3333-3333-333333333306', 150000, 1500000, '2026-03-01', '2026-12-31', '22222222-2222-2222-2222-222222222222'),
('33333333-3333-3333-3333-333333333307', 180000, 1800000, '2026-03-01', '2026-12-31', '22222222-2222-2222-2222-222222222222'),
('33333333-3333-3333-3333-333333333308', 250000, 2500000, '2026-03-01', '2026-12-31', '22222222-2222-2222-2222-222222222222'),
('33333333-3333-3333-3333-333333333309', 150000, 1500000, '2026-03-01', '2026-12-31', '22222222-2222-2222-2222-222222222222'),
('33333333-3333-3333-3333-333333333310', 100000, 1000000, '2026-03-01', '2026-12-31', '22222222-2222-2222-2222-222222222222');

-- ============================================================
-- 5. 예산 재원 (Funding Sources) 등록
-- 당사자 1명당 2개씩(예산, 개인비용 등) 생성
-- 잔액은 기본 예산액과 동일하게 출발합니다.
-- ============================================================
INSERT INTO public.funding_sources (
  id, participant_id, name, monthly_budget, yearly_budget, current_month_balance, current_year_balance
) VALUES 
('44444444-4444-4444-4444-444444444401', '33333333-3333-3333-3333-333333333301', '활동보조예산', 100000, 1000000, 100000, 1000000),
('55555555-5555-5555-5555-555555555501', '33333333-3333-3333-3333-333333333301', '개인사비', 50000, 500000, 50000, 500000),

('44444444-4444-4444-4444-444444444402', '33333333-3333-3333-3333-333333333302', '활동보조예산', 80000,  800000,  80000,  800000),
('55555555-5555-5555-5555-555555555502', '33333333-3333-3333-3333-333333333302', '개인사비', 40000,  400000,  40000,  400000),

('44444444-4444-4444-4444-444444444403', '33333333-3333-3333-3333-333333333303', '활동보조예산', 150000, 1500000, 150000, 1500000),
('55555555-5555-5555-5555-555555555503', '33333333-3333-3333-3333-333333333303', '개인사비', 50000,  500000,  50000,  500000),

('44444444-4444-4444-4444-444444444404', '33333333-3333-3333-3333-333333333304', '단일예산',   100000, 1000000, 100000, 1000000),

('44444444-4444-4444-4444-444444444405', '33333333-3333-3333-3333-333333333305', '활동보조예산', 150000, 1500000, 150000, 1500000),
('44444444-4444-4444-4444-444444444406', '33333333-3333-3333-3333-333333333306', '활동보조예산', 150000, 1500000, 150000, 1500000),
('44444444-4444-4444-4444-444444444407', '33333333-3333-3333-3333-333333333307', '활동보조예산', 180000, 1800000, 180000, 1800000),
('44444444-4444-4444-4444-444444444408', '33333333-3333-3333-3333-333333333308', '활동보조예산', 250000, 2500000, 250000, 2500000),
('44444444-4444-4444-4444-444444444409', '33333333-3333-3333-3333-333333333309', '활동보조예산', 150000, 1500000, 150000, 1500000),
('44444444-4444-4444-4444-444444444410', '33333333-3333-3333-3333-333333333310', '활동보조예산', 100000, 1000000, 100000, 1000000);

-- ============================================================
-- 6. 거래 내역 (Transactions) 샘플
-- 당사자 A에 대한 샘플 데이터 (확정/미확정 등)
-- 주의: INSERT 시 DB 트리거가 켜져있다면, confirmed 일 경우 자동 차감됩니다.
-- ============================================================
INSERT INTO public.transactions (
  participant_id, creator_id, funding_source_id, date, activity_name, 
  amount, category, memo, payment_method, status
) VALUES 
('33333333-3333-3333-3333-333333333301', '22222222-2222-2222-2222-222222222222', '44444444-4444-4444-4444-444444444401', CURRENT_DATE - INTERVAL '2 days', '카페 이용', 12000, '식비', '이디야 커피 2잔, 조각케이크 (체크카드 결제)', '체크카드', 'confirmed'),
('33333333-3333-3333-3333-333333333301', '22222222-2222-2222-2222-222222222222', '55555555-5555-5555-5555-555555555501', CURRENT_DATE - INTERVAL '1 days', '영화 관람', 15000, '여가활동', '영화 예매 (사비)', '현금', 'confirmed'),
('33333333-3333-3333-3333-333333333301', '22222222-2222-2222-2222-222222222222', '44444444-4444-4444-4444-444444444401', CURRENT_DATE, '미용실', 20000, '기타', '커트 진행 (영수증 미수령, 임시)', '카카오페이', 'pending');
