-- 06_add_12_demo_participants.sql
-- Add 12 demo participants with realistic transaction data (3 months history)

-- Step 1: Insert auth.users (bypass if exists)
DO $$
BEGIN
  -- Temporarily disable the trigger to prevent auto-profile creation during bulk insert
  -- We'll manually create profiles after
END $$;

INSERT INTO auth.users (
  instance_id, id, aud, role, email, encrypted_password,
  email_confirmed_at, raw_app_meta_data, raw_user_meta_data,
  created_at, updated_at, confirmation_token, email_change,
  email_change_token_new, recovery_token
) VALUES
('00000000-0000-0000-0000-000000000000', '33333333-3333-3333-3333-333333333301', 'authenticated', 'authenticated', 'kim.cs@example.com', crypt('demo123!', gen_salt('bf')), NOW(), '{"provider":"email","providers":["email"]}', '{"full_name":"김철수"}', NOW(), NOW(), '', '', '', ''),
('00000000-0000-0000-0000-000000000000', '33333333-3333-3333-3333-333333333302', 'authenticated', 'authenticated', 'lee.yh@example.com', crypt('demo123!', gen_salt('bf')), NOW(), '{"provider":"email","providers":["email"]}', '{"full_name":"이영희"}', NOW(), NOW(), '', '', '', ''),
('00000000-0000-0000-0000-000000000000', '33333333-3333-3333-3333-333333333303', 'authenticated', 'authenticated', 'park.ms@example.com', crypt('demo123!', gen_salt('bf')), NOW(), '{"provider":"email","providers":["email"]}', '{"full_name":"박민수"}', NOW(), NOW(), '', '', '', ''),
('00000000-0000-0000-0000-000000000000', '33333333-3333-3333-3333-333333333304', 'authenticated', 'authenticated', 'jung.sj@example.com', crypt('demo123!', gen_salt('bf')), NOW(), '{"provider":"email","providers":["email"]}', '{"full_name":"정수진"}', NOW(), NOW(), '', '', '', ''),
('00000000-0000-0000-0000-000000000000', '33333333-3333-3333-3333-333333333305', 'authenticated', 'authenticated', 'choi.dw@example.com', crypt('demo123!', gen_salt('bf')), NOW(), '{"provider":"email","providers":["email"]}', '{"full_name":"최동욱"}', NOW(), NOW(), '', '', '', ''),
('00000000-0000-0000-0000-000000000000', '33333333-3333-3333-3333-333333333306', 'authenticated', 'authenticated', 'han.jm@example.com', crypt('demo123!', gen_salt('bf')), NOW(), '{"provider":"email","providers":["email"]}', '{"full_name":"한지민"}', NOW(), NOW(), '', '', '', ''),
('00000000-0000-0000-0000-000000000000', '33333333-3333-3333-3333-333333333307', 'authenticated', 'authenticated', 'yoon.sj@example.com', crypt('demo123!', gen_salt('bf')), NOW(), '{"provider":"email","providers":["email"]}', '{"full_name":"윤서준"}', NOW(), NOW(), '', '', '', ''),
('00000000-0000-0000-0000-000000000000', '33333333-3333-3333-3333-333333333308', 'authenticated', 'authenticated', 'kang.hn@example.com', crypt('demo123!', gen_salt('bf')), NOW(), '{"provider":"email","providers":["email"]}', '{"full_name":"강하늘"}', NOW(), NOW(), '', '', '', ''),
('00000000-0000-0000-0000-000000000000', '33333333-3333-3333-3333-333333333309', 'authenticated', 'authenticated', 'lim.ny@example.com', crypt('demo123!', gen_salt('bf')), NOW(), '{"provider":"email","providers":["email"]}', '{"full_name":"임나영"}', NOW(), NOW(), '', '', '', ''),
('00000000-0000-0000-0000-000000000000', '33333333-3333-3333-3333-333333333310', 'authenticated', 'authenticated', 'song.jh@example.com', crypt('demo123!', gen_salt('bf')), NOW(), '{"provider":"email","providers":["email"]}', '{"full_name":"송지효"}', NOW(), NOW(), '', '', '', ''),
('00000000-0000-0000-0000-000000000000', '33333333-3333-3333-3333-333333333311', 'authenticated', 'authenticated', 'oh.js@example.com', crypt('demo123!', gen_salt('bf')), NOW(), '{"provider":"email","providers":["email"]}', '{"full_name":"오정세"}', NOW(), NOW(), '', '', '', ''),
('00000000-0000-0000-0000-000000000000', '33333333-3333-3333-3333-333333333312', 'authenticated', 'authenticated', 'bae.sj@example.com', crypt('demo123!', gen_salt('bf')), NOW(), '{"provider":"email","providers":["email"]}', '{"full_name":"배수지"}', NOW(), NOW(), '', '', '', '')
ON CONFLICT (id) DO NOTHING;

-- Step 2: Insert profiles
INSERT INTO public.profiles (id, role, name, created_at) VALUES
('33333333-3333-3333-3333-333333333301', 'participant', '김철수', NOW()),
('33333333-3333-3333-3333-333333333302', 'participant', '이영희', NOW()),
('33333333-3333-3333-3333-333333333303', 'participant', '박민수', NOW()),
('33333333-3333-3333-3333-333333333304', 'participant', '정수진', NOW()),
('33333333-3333-3333-3333-333333333305', 'participant', '최동욱', NOW()),
('33333333-3333-3333-3333-333333333306', 'participant', '한지민', NOW()),
('33333333-3333-3333-3333-333333333307', 'participant', '윤서준', NOW()),
('33333333-3333-3333-3333-333333333308', 'participant', '강하늘', NOW()),
('33333333-3333-3333-3333-333333333309', 'participant', '임나영', NOW()),
('33333333-3333-3333-3333-333333333310', 'participant', '송지효', NOW()),
('33333333-3333-3333-3333-333333333311', 'participant', '오정세', NOW()),
('33333333-3333-3333-3333-333333333312', 'participant', '배수지', NOW())
ON CONFLICT (id) DO NOTHING;

-- Step 3: Insert participants
INSERT INTO public.participants (id, monthly_budget_default, yearly_budget_default, budget_start_date, budget_end_date) VALUES
('33333333-3333-3333-3333-333333333301', 150000, 1800000, '2026-01-01', '2026-12-31'),
('33333333-3333-3333-3333-333333333302', 180000, 2160000, '2026-01-01', '2026-12-31'),
('33333333-3333-3333-3333-333333333303', 160000, 1920000, '2026-01-01', '2026-12-31'),
('33333333-3333-3333-3333-333333333304', 200000, 2400000, '2026-01-01', '2026-12-31'),
('33333333-3333-3333-3333-333333333305', 170000, 2040000, '2026-01-01', '2026-12-31'),
('33333333-3333-3333-3333-333333333306', 140000, 1680000, '2026-01-01', '2026-12-31'),
('33333333-3333-3333-3333-333333333307', 190000, 2280000, '2026-01-01', '2026-12-31'),
('33333333-3333-3333-3333-333333333308', 145000, 1740000, '2026-01-01', '2026-12-31'),
('33333333-3333-3333-3333-333333333309', 165000, 1980000, '2026-01-01', '2026-12-31'),
('33333333-3333-3333-3333-333333333310', 155000, 1860000, '2026-01-01', '2026-12-31'),
('33333333-3333-3333-3333-333333333311', 175000, 2100000, '2026-01-01', '2026-12-31'),
('33333333-3333-3333-3333-333333333312', 185000, 2220000, '2026-01-01', '2026-12-31')
ON CONFLICT (id) DO NOTHING;

-- Step 4: Insert funding sources (2 per participant)
INSERT INTO public.funding_sources (id, participant_id, name, monthly_budget, yearly_budget, current_month_balance, current_year_balance) VALUES
('f6000000-0000-0000-0000-000000000001', '33333333-3333-3333-3333-333333333301', '생활비통장', 80000, 960000, 80000, 960000),
('f6000000-0000-0000-0000-000000000002', '33333333-3333-3333-3333-333333333301', '여가활동비', 70000, 840000, 70000, 840000),
('f6000000-0000-0000-0000-000000000003', '33333333-3333-3333-3333-333333333302', '생활비', 100000, 1200000, 100000, 1200000),
('f6000000-0000-0000-0000-000000000004', '33333333-3333-3333-3333-333333333302', '문화생활', 80000, 960000, 80000, 960000),
('f6000000-0000-0000-0000-000000000005', '33333333-3333-3333-3333-333333333303', '월생활비', 90000, 1080000, 90000, 1080000),
('f6000000-0000-0000-0000-000000000006', '33333333-3333-3333-3333-333333333303', '취미활동', 70000, 840000, 70000, 840000),
('f6000000-0000-0000-0000-000000000007', '33333333-3333-3333-3333-333333333304', '기본생활비', 120000, 1440000, 120000, 1440000),
('f6000000-0000-0000-0000-000000000008', '33333333-3333-3333-3333-333333333304', '쇼핑/여가', 80000, 960000, 80000, 960000),
('f6000000-0000-0000-0000-000000000009', '33333333-3333-3333-3333-333333333305', '생활비카드', 95000, 1140000, 95000, 1140000),
('f6000000-0000-0000-0000-00000000000a', '33333333-3333-3333-3333-333333333305', '문화활동비', 75000, 900000, 75000, 900000),
('f6000000-0000-0000-0000-00000000000b', '33333333-3333-3333-3333-333333333306', '일상생활비', 80000, 960000, 80000, 960000),
('f6000000-0000-0000-0000-00000000000c', '33333333-3333-3333-3333-333333333306', '여가비', 60000, 720000, 60000, 720000),
('f6000000-0000-0000-0000-00000000000d', '33333333-3333-3333-3333-333333333307', '주생활비', 110000, 1320000, 110000, 1320000),
('f6000000-0000-0000-0000-00000000000e', '33333333-3333-3333-3333-333333333307', '활동비', 80000, 960000, 80000, 960000),
('f6000000-0000-0000-0000-00000000000f', '33333333-3333-3333-3333-333333333308', '생활비', 85000, 1020000, 85000, 1020000),
('f6000000-0000-0000-0000-000000000010', '33333333-3333-3333-3333-333333333308', '취미/문화', 60000, 720000, 60000, 720000),
('f6000000-0000-0000-0000-000000000011', '33333333-3333-3333-3333-333333333309', '기본생활', 95000, 1140000, 95000, 1140000),
('f6000000-0000-0000-0000-000000000012', '33333333-3333-3333-3333-333333333309', '여가활동', 70000, 840000, 70000, 840000),
('f6000000-0000-0000-0000-000000000013', '33333333-3333-3333-3333-333333333310', '월예산', 90000, 1080000, 90000, 1080000),
('f6000000-0000-0000-0000-000000000014', '33333333-3333-3333-3333-333333333310', '문화비', 65000, 780000, 65000, 780000),
('f6000000-0000-0000-0000-000000000015', '33333333-3333-3333-3333-333333333311', '생활비용', 105000, 1260000, 105000, 1260000),
('f6000000-0000-0000-0000-000000000016', '33333333-3333-3333-3333-333333333311', '취미비', 70000, 840000, 70000, 840000),
('f6000000-0000-0000-0000-000000000017', '33333333-3333-3333-3333-333333333312', '기본예산', 110000, 1320000, 110000, 1320000),
('f6000000-0000-0000-0000-000000000018', '33333333-3333-3333-3333-333333333312', '활동예산', 75000, 900000, 75000, 900000)
ON CONFLICT (id) DO NOTHING;

-- Step 5: Insert sample transactions (3-4 per participant, spanning 90 days)
INSERT INTO public.transactions (participant_id, funding_source_id, date, activity_name, amount, category, memo, payment_method, status, creator_id) VALUES
-- 김철수
('33333333-3333-3333-3333-333333333301', 'f6000000-0000-0000-0000-000000000001', NOW() - INTERVAL '85 days', '점심식사', 12000, '식비', '회사 근처 식당', '체크카드', 'confirmed', '33333333-3333-3333-3333-333333333301'),
('33333333-3333-3333-3333-333333333301', 'f6000000-0000-0000-0000-000000000002', NOW() - INTERVAL '65 days', '영화관람', 15000, '문화', 'CGV', '신용카드', 'confirmed', '33333333-3333-3333-3333-333333333301'),
('33333333-3333-3333-3333-333333333301', 'f6000000-0000-0000-0000-000000000001', NOW() - INTERVAL '45 days', '마트장보기', 35000, '생활', '주간 식재료', '체크카드', 'confirmed', '33333333-3333-3333-3333-333333333301'),
('33333333-3333-3333-3333-333333333301', 'f6000000-0000-0000-0000-000000000002', NOW() - INTERVAL '20 days', '카페', 4500, '식비', '스타벅스', '현금', 'confirmed', '33333333-3333-3333-3333-333333333301'),
-- 이영희
('33333333-3333-3333-3333-333333333302', 'f6000000-0000-0000-0000-000000000003', NOW() - INTERVAL '80 days', '커피', 8500, '식비', '카페', '체크카드', 'confirmed', '33333333-3333-3333-3333-333333333302'),
('33333333-3333-3333-3333-333333333302', 'f6000000-0000-0000-0000-000000000003', NOW() - INTERVAL '60 days', '생필품', 45000, '생활', '마트', '체크카드', 'confirmed', '33333333-3333-3333-3333-333333333302'),
('33333333-3333-3333-3333-333333333302', 'f6000000-0000-0000-0000-000000000004', NOW() - INTERVAL '35 days', '공연티켓', 25000, '문화', '뮤지컬', '신용카드', 'confirmed', '33333333-3333-3333-3333-333333333302'),
-- 박민수
('33333333-3333-3333-3333-333333333303', 'f6000000-0000-0000-0000-000000000005', NOW() - INTERVAL '75 days', '저녁회식', 18000, '식비', '삼겹살집', '체크카드', 'confirmed', '33333333-3333-3333-3333-333333333303'),
('33333333-3333-3333-3333-333333333303', 'f6000000-0000-0000-0000-000000000005', NOW() - INTERVAL '55 days', '주유비', 65000, '교통', 'GS주유소', '체크카드', 'confirmed', '33333333-3333-3333-3333-333333333303'),
('33333333-3333-3333-3333-333333333303', 'f6000000-0000-0000-0000-000000000006', NOW() - INTERVAL '28 days', '운동용품', 42000, '취미', '배드민턴채', '신용카드', 'confirmed', '33333333-3333-3333-3333-333333333303'),
-- 정수진
('33333333-3333-3333-3333-333333333304', 'f6000000-0000-0000-0000-000000000007', NOW() - INTERVAL '88 days', '브런치', 32000, '식비', '브런치카페', '체크카드', 'confirmed', '33333333-3333-3333-3333-333333333304'),
('33333333-3333-3333-3333-333333333304', 'f6000000-0000-0000-0000-000000000008', NOW() - INTERVAL '70 days', '화장품', 89000, '쇼핑', '올리브영', '신용카드', 'confirmed', '33333333-3333-3333-3333-333333333304'),
('33333333-3333-3333-3333-333333333304', 'f6000000-0000-0000-0000-000000000007', NOW() - INTERVAL '42 days', '인테리어소품', 54000, '생활', '다이소', '체크카드', 'confirmed', '33333333-3333-3333-3333-333333333304'),
-- 최동욱
('33333333-3333-3333-3333-333333333305', 'f6000000-0000-0000-0000-000000000009', NOW() - INTERVAL '82 days', '점심', 15000, '식비', '김치찌개', '체크카드', 'confirmed', '33333333-3333-3333-3333-333333333305'),
('33333333-3333-3333-3333-333333333305', 'f6000000-0000-0000-0000-000000000009', NOW() - INTERVAL '58 days', '택시', 48000, '교통', '병원방문', '체크카드', 'confirmed', '33333333-3333-3333-3333-333333333305'),
('33333333-3333-3333-3333-333333333305', 'f6000000-0000-0000-0000-00000000000a', NOW() - INTERVAL '30 days', '도서구매', 38000, '문화', '교보문고', '신용카드', 'confirmed', '33333333-3333-3333-3333-333333333305'),
-- 한지민
('33333333-3333-3333-3333-333333333306', 'f6000000-0000-0000-0000-00000000000b', NOW() - INTERVAL '78 days', '외식', 22000, '식비', '이탈리안', '체크카드', 'confirmed', '33333333-3333-3333-3333-333333333306'),
('33333333-3333-3333-3333-333333333306', 'f6000000-0000-0000-0000-00000000000b', NOW() - INTERVAL '50 days', '약국', 67000, '생활', '감기약', '현금', 'confirmed', '33333333-3333-3333-3333-333333333306'),
('33333333-3333-3333-3333-333333333306', 'f6000000-0000-0000-0000-00000000000c', NOW() - INTERVAL '22 days', '요가수업', 29000, '취미', '월회비', '체크카드', 'confirmed', '33333333-3333-3333-3333-333333333306'),
-- 윤서준
('33333333-3333-3333-3333-333333333307', 'f6000000-0000-0000-0000-00000000000d', NOW() - INTERVAL '86 days', '레스토랑', 28000, '식비', '파스타', '신용카드', 'confirmed', '33333333-3333-3333-3333-333333333307'),
('33333333-3333-3333-3333-333333333307', 'f6000000-0000-0000-0000-00000000000e', NOW() - INTERVAL '68 days', '전자기기', 125000, '쇼핑', '블루투스이어폰', '신용카드', 'confirmed', '33333333-3333-3333-3333-333333333307'),
('33333333-3333-3333-3333-333333333307', 'f6000000-0000-0000-0000-00000000000e', NOW() - INTERVAL '38 days', '전시회', 45000, '문화', '미술관', '체크카드', 'confirmed', '33333333-3333-3333-3333-333333333307'),
-- 강하늘
('33333333-3333-3333-3333-333333333308', 'f6000000-0000-0000-0000-00000000000f', NOW() - INTERVAL '73 days', '분식', 9500, '식비', '떡볶이', '현금', 'confirmed', '33333333-3333-3333-3333-333333333308'),
('33333333-3333-3333-3333-333333333308', 'f6000000-0000-0000-0000-00000000000f', NOW() - INTERVAL '48 days', '버스', 3800, '교통', '시내버스', '교통카드', 'confirmed', '33333333-3333-3333-3333-333333333308'),
('33333333-3333-3333-3333-333333333308', 'f6000000-0000-0000-0000-000000000010', NOW() - INTERVAL '25 days', '게임아이템', 58000, '취미', '스팀게임', '신용카드', 'confirmed', '33333333-3333-3333-3333-333333333308'),
-- 임나영
('33333333-3333-3333-3333-333333333309', 'f6000000-0000-0000-0000-000000000011', NOW() - INTERVAL '77 days', '카페', 19000, '식비', '브런치', '체크카드', 'confirmed', '33333333-3333-3333-3333-333333333309'),
('33333333-3333-3333-3333-333333333309', 'f6000000-0000-0000-0000-000000000011', NOW() - INTERVAL '56 days', '마트', 78000, '생활', '장보기', '체크카드', 'confirmed', '33333333-3333-3333-3333-333333333309'),
('33333333-3333-3333-3333-333333333309', 'f6000000-0000-0000-0000-000000000012', NOW() - INTERVAL '32 days', '가방', 95000, '쇼핑', '백화점', '신용카드', 'confirmed', '33333333-3333-3333-3333-333333333309'),
-- 송지효
('33333333-3333-3333-3333-333333333310', 'f6000000-0000-0000-0000-000000000013', NOW() - INTERVAL '84 days', '도시락', 14000, '식비', '편의점', '현금', 'confirmed', '33333333-3333-3333-3333-333333333310'),
('33333333-3333-3333-3333-333333333310', 'f6000000-0000-0000-0000-000000000014', NOW() - INTERVAL '62 days', 'OTT구독', 32000, '문화', '넷플릭스+디즈니', '신용카드', 'confirmed', '33333333-3333-3333-3333-333333333310'),
('33333333-3333-3333-3333-333333333310', 'f6000000-0000-0000-0000-000000000013', NOW() - INTERVAL '40 days', '세탁소', 46000, '생활', '겨울옷', '현금', 'confirmed', '33333333-3333-3333-3333-333333333310'),
-- 오정세
('33333333-3333-3333-3333-333333333311', 'f6000000-0000-0000-0000-000000000015', NOW() - INTERVAL '72 days', '술집', 24000, '식비', '삼겹살+소주', '체크카드', 'confirmed', '33333333-3333-3333-3333-333333333311'),
('33333333-3333-3333-3333-333333333311', 'f6000000-0000-0000-0000-000000000015', NOW() - INTERVAL '51 days', 'KTX', 72000, '교통', '부산왕복', '신용카드', 'confirmed', '33333333-3333-3333-3333-333333333311'),
('33333333-3333-3333-3333-333333333311', 'f6000000-0000-0000-0000-000000000016', NOW() - INTERVAL '26 days', '골프연습장', 63000, '취미', '타석 100개', '체크카드', 'confirmed', '33333333-3333-3333-3333-333333333311'),
-- 배수지
('33333333-3333-3333-3333-333333333312', 'f6000000-0000-0000-0000-000000000017', NOW() - INTERVAL '89 days', '파인다이닝', 38000, '식비', '레스토랑', '신용카드', 'confirmed', '33333333-3333-3333-3333-333333333312'),
('33333333-3333-3333-3333-333333333312', 'f6000000-0000-0000-0000-000000000018', NOW() - INTERVAL '66 days', '액세서리', 156000, '쇼핑', '귀걸이+목걸이', '신용카드', 'confirmed', '33333333-3333-3333-3333-333333333312'),
('33333333-3333-3333-3333-333333333312', 'f6000000-0000-0000-0000-000000000018', NOW() - INTERVAL '41 days', '뮤지컬', 87000, '문화', '오페라의유령', '신용카드', 'confirmed', '33333333-3333-3333-3333-333333333312');
